纬度(N),经度(E),速度(km/h),航向,时间,日期,卫星数量,海拔高度
4047.533,11141.85,22.224000,253.6,9时32分38秒,17年5月10日,05,1108
4047.532,11141.85,20.372000,254.3,9时32分39秒,17年5月10日,05,1106
4047.532,11141.85,20.372000,254.3,9时32分39秒,17年5月10日,05,1106
4047.557,11141.83,22.224000,252.0,9时32分41秒,17年5月10日,06,1181
4047.563,11141.83,22.224000,255.4,9时32分42秒,17年5月10日,06,1199
4047.561,11141.82,25.928000,257.0,9时32分43秒,17年5月10日,06,1195
4047.560,11141.82,25.928000,258.9,9时32分44秒,17年5月10日,06,1194
4047.559,11141.81,25.928000,260.2,9时32分45秒,17年5月10日,06,1192
4047.560,11141.81,25.928000,259.4,9时32分46秒,17年5月10日,06,1194
4047.558,11141.80,24.076000,252.7,9时32分47秒,17年5月10日,06,1195
4047.558,11141.80,25.928000,257.7,9时32分48秒,17年5月10日,06,1196
4047.555,11141.79,25.928000,259.9,9时32分49秒,17年5月10日,07,1184
4047.551,11141.79,25.928000,258.7,9时32分50秒,17年5月10日,07,1174
4047.549,11141.78,22.224000,254.0,9时32分51秒,17年5月10日,07,1167
4047.547,11141.78,20.372000,254.8,9时32分52秒,17年5月10日,08,1162
4047.548,11141.77,18.520000,259.7,9时32分53秒,17年5月10日,08,1159
4047.547,11141.77,16.668000,273.7,9时32分54秒,17年5月10日,08,1151
4047.547,11141.77,16.668000,298.6,9时32分55秒,17年5月10日,08,1147
4047.549,11141.76,20.372000,327.2,9时32分56秒,17年5月10日,08,1147
4047.552,11141.76,24.076000,338.5,9时32分57秒,17年5月10日,08,1147
4047.556,11141.76,29.632000,341.1,9时32分58秒,17年5月10日,08,1146
4047.560,11141.76,33.336000,340.4,9时32分59秒,17年5月10日,08,1145
4047.565,11141.76,37.040000,339.9,9时33分0秒,17年5月10日,08,1144
4047.571,11141.75,40.744000,339.6,9时33分1秒,17年5月10日,08,1144
4047.577,11141.75,40.744000,339.2,9时33分2秒,17年5月10日,08,1143
4047.583,11141.75,42.596000,338.7,9时33分3秒,17年5月10日,08,1142
4047.589,11141.75,40.744000,339.4,9时33分4秒,17年5月10日,08,1142
4047.595,11141.74,40.744000,339.1,9时33分5秒,17年5月10日,08,1142
4047.601,11141.74,38.892000,339.9,9时33分6秒,17年5月10日,08,1142
4047.607,11141.74,38.892000,340.3,9时33分7秒,17年5月10日,08,1142
4047.613,11141.74,37.040000,341.2,9时33分8秒,17年5月10日,08,1141
4047.618,11141.73,33.336000,342.0,9时33分9秒,17年5月10日,08,1142
4047.623,11141.73,29.632000,342.1,9时33分10秒,17年5月10日,08,1141
4047.627,11141.73,25.928000,342.6,9时33分11秒,17年5月10日,09,1140
4047.631,11141.73,24.076000,342.9,9时33分12秒,17年5月10日,09,1140
4047.634,11141.73,20.372000,343.2,9时33分13秒,17年5月10日,09,1139
4047.637,11141.73,16.668000,343.4,9时33分14秒,17年5月10日,09,1139
4047.639,11141.73,14.816000,343.5,9时33分15秒,17年5月10日,10,1139
4047.641,11141.73,12.964000,343.4,9时33分16秒,17年5月10日,08,1140
4047.643,11141.73,12.964000,343.3,9时33分17秒,17年5月10日,08,1139
4047.645,11141.72,11.112000,343.0,9时33分18秒,17年5月10日,08,1139
4047.646,11141.72,9.260000,343.0,9时33分19秒,17年5月10日,08,1138
4047.647,11141.72,5.556000,338.0,9时33分20秒,17年5月10日,08,1137
4047.648,11141.72,3.704000,338.0,9时33分21秒,17年5月10日,08,1137
4047.648,11141.72,1.852000,338.0,9时33分22秒,17年5月10日,08,1136
4047.648,11141.72,0.000000,338.0,9时33分23秒,17年5月10日,09,1135
4047.648,11141.72,0.000000,338.0,9时33分24秒,17年5月10日,09,1135
4047.617,11141.72,1.852000,338.0,9时33分25秒,17年5月10日,10,1132
4047.617,11141.72,1.852000,338.0,9时33分26秒,17年5月10日,09,1128
4047.617,11141.72,1.852000,338.0,9时33分27秒,17年5月10日,09,1122
4047.618,11141.72,1.852000,338.0,9时33分28秒,17年5月10日,09,1119
4047.618,11141.72,1.852000,338.0,9时33分29秒,17年5月10日,09,1115
4047.618,11141.72,0.000000,338.0,9时33分30秒,17年5月10日,09,1113
4047.617,11141.72,0.000000,338.0,9时33分31秒,17年5月10日,10,1101
4047.616,11141.72,0.000000,338.0,9时33分32秒,17年5月10日,10,1092
4047.617,11141.73,0.000000,338.0,9时33分33秒,17年5月10日,10,1071
4047.617,11141.73,0.000000,338.0,9时33分34秒,17年5月10日,10,1063
4047.617,11141.73,0.000000,338.0,9时33分35秒,17年5月10日,10,1062
4047.618,11141.73,0.000000,338.0,9时33分36秒,17年5月10日,10,1061
4047.618,11141.73,0.000000,338.0,9时33分37秒,17年5月10日,10,1060
4047.619,11141.73,0.000000,338.0,9时33分38秒,17年5月10日,10,1060
4047.620,11141.73,0.000000,338.0,9时33分39秒,17年5月10日,10,1059
4047.620,11141.73,0.000000,338.0,9时33分40秒,17年5月10日,09,1058
4047.621,11141.73,0.000000,338.0,9时33分41秒,17年5月10日,09,1058
4047.621,11141.73,0.000000,338.0,9时33分42秒,17年5月10日,09,1058
4047.621,11141.73,0.000000,338.0,9时33分43秒,17年5月10日,09,1058
4047.621,11141.73,0.000000,338.0,9时33分44秒,17年5月10日,09,1058
4047.621,11141.73,0.000000,338.0,9时33分45秒,17年5月10日,09,1058
4047.621,11141.73,0.000000,338.0,9时33分46秒,17年5月10日,09,1058
4047.621,11141.73,0.000000,338.0,9时33分47秒,17年5月10日,09,1058
4047.621,11141.73,0.000000,338.0,9时33分48秒,17年5月10日,09,1058
4047.621,11141.73,0.000000,338.0,9时33分49秒,17年5月10日,09,1058
4047.621,11141.73,0.000000,338.0,9时33分50秒,17年5月10日,09,1058
4047.621,11141.73,0.000000,338.0,9时33分51秒,17年5月10日,09,1058
4047.621,11141.73,0.000000,338.0,9时33分52秒,17年5月10日,09,1058
4047.621,11141.73,0.000000,338.0,9时33分53秒,17年5月10日,09,1058
4047.621,11141.73,0.000000,338.0,9时33分54秒,17年5月10日,09,1058
4047.621,11141.73,0.000000,338.0,9时33分55秒,17年5月10日,09,1058
4047.621,11141.73,0.000000,338.0,9时33分56秒,17年5月10日,09,1058
4047.621,11141.73,0.000000,338.0,9时33分57秒,17年5月10日,10,1058
4047.621,11141.73,0.000000,338.0,9时33分58秒,17年5月10日,10,1058
4047.621,11141.73,0.000000,338.0,9时33分59秒,17年5月10日,10,1058
4047.621,11141.73,0.000000,338.0,9时34分0秒,17年5月10日,10,1058
4047.621,11141.73,0.000000,338.0,9时34分1秒,17年5月10日,09,1058
4047.621,11141.73,0.000000,338.0,9时34分2秒,17年5月10日,09,1058
4047.621,11141.73,0.000000,338.0,9时34分3秒,17年5月10日,09,1058
4047.621,11141.73,0.000000,338.0,9时34分4秒,17年5月10日,09,1058
4047.621,11141.73,0.000000,338.0,9时34分5秒,17年5月10日,09,1058
4047.621,11141.73,0.000000,338.0,9时34分6秒,17年5月10日,09,1058
4047.621,11141.73,0.000000,338.0,9时34分7秒,17年5月10日,09,1058
4047.621,11141.73,0.000000,338.0,9时34分8秒,17年5月10日,09,1058
4047.622,11141.73,0.000000,338.0,9时34分9秒,17年5月10日,09,1058
4047.622,11141.73,0.000000,338.0,9时34分10秒,17年5月10日,09,1058
4047.623,11141.73,1.852000,338.0,9时34分11秒,17年5月10日,10,1058
4047.623,11141.73,1.852000,338.0,9时34分12秒,17年5月10日,10,1058
4047.623,11141.73,1.852000,338.0,9时34分13秒,17年5月10日,10,1058
4047.624,11141.73,3.704000,338.0,9时34分14秒,17年5月10日,10,1058
4047.624,11141.73,5.556000,339.1,9时34分15秒,17年5月10日,10,1058
4047.626,11141.73,1.852000,340.7,9时34分16秒,17年5月10日,10,1058
4047.626,11141.73,0.000000,340.7,9时34分17秒,17年5月10日,10,1058
4047.627,11141.73,0.000000,340.7,9时34分18秒,17年5月10日,10,1058
4047.627,11141.73,0.000000,340.7,9时34分19秒,17年5月10日,10,1058
4047.627,11141.73,0.000000,340.7,9时34分20秒,17年5月10日,09,1058
4047.627,11141.73,0.000000,340.7,9时34分21秒,17年5月10日,09,1058
4047.627,11141.73,0.000000,340.7,9时34分22秒,17年5月10日,09,1058
4047.627,11141.73,0.000000,340.7,9时34分23秒,17年5月10日,08,1058
4047.627,11141.73,0.000000,340.7,9时34分24秒,17年5月10日,10,1058
4047.627,11141.73,0.000000,340.7,9时34分25秒,17年5月10日,09,1058
4047.627,11141.73,0.000000,340.7,9时34分26秒,17年5月10日,09,1058
4047.627,11141.73,0.000000,340.7,9时34分27秒,17年5月10日,09,1058
4047.627,11141.73,0.000000,340.7,9时34分28秒,17年5月10日,10,1058
4047.627,11141.73,0.000000,340.7,9时34分29秒,17年5月10日,10,1058
4047.627,11141.73,0.000000,340.7,9时34分30秒,17年5月10日,10,1058
4047.627,11141.73,0.000000,340.7,9时34分31秒,17年5月10日,10,1058
4047.627,11141.73,0.000000,340.7,9时34分32秒,17年5月10日,10,1058
4047.627,11141.73,0.000000,340.7,9时34分33秒,17年5月10日,10,1058
4047.627,11141.73,0.000000,340.7,9时34分34秒,17年5月10日,10,1058
4047.627,11141.73,0.000000,340.7,9时34分35秒,17年5月10日,10,1058
4047.627,11141.73,0.000000,340.7,9时34分36秒,17年5月10日,10,1058
4047.627,11141.73,0.000000,340.7,9时34分37秒,17年5月10日,10,1058
4047.627,11141.73,0.000000,340.7,9时34分38秒,17年5月10日,10,1058
4047.627,11141.73,0.000000,340.7,9时34分39秒,17年5月10日,10,1058
4047.627,11141.73,0.000000,337.5,9时34分40秒,17年5月10日,10,1058
4047.627,11141.73,0.000000,349.7,9时34分41秒,17年5月10日,10,1057
4047.627,11141.73,0.000000,348.5,9时34分42秒,17年5月10日,10,1057
4047.627,11141.73,0.000000,347.2,9时34分43秒,17年5月10日,10,1057
4047.628,11141.73,1.852000,348.9,9时34分44秒,17年5月10日,10,1058
4047.628,11141.73,1.852000,340.0,9时34分45秒,17年5月10日,10,1057
4047.628,11141.73,1.852000,341.0,9时34分46秒,17年5月10日,10,1057
4047.629,11141.73,3.704000,341.4,9时34分47秒,17年5月10日,09,1057
4047.630,11141.73,7.408000,339.1,9时34分48秒,17年5月10日,09,1057
4047.631,11141.72,9.260000,337.8,9时34分49秒,17年5月10日,09,1057
4047.633,11141.72,12.964000,337.0,9时34分50秒,17年5月10日,09,1057
4047.635,11141.72,12.964000,336.4,9时34分51秒,17年5月10日,09,1058
4047.637,11141.72,14.816000,335.9,9时34分52秒,17年5月10日,09,1058
4047.640,11141.72,16.668000,335.1,9时34分53秒,17年5月10日,09,1058
4047.642,11141.72,16.668000,334.8,9时34分54秒,17年5月10日,09,1058
4047.645,11141.72,14.816000,335.7,9时34分55秒,17年5月10日,09,1058
4047.647,11141.72,16.668000,337.2,9时34分56秒,17年5月10日,09,1058
4047.649,11141.71,14.816000,338.4,9时34分57秒,17年5月10日,09,1058
4047.651,11141.71,14.816000,340.7,9时34分58秒,17年5月10日,09,1058
4047.654,11141.71,18.520000,343.2,9时34分59秒,17年5月10日,10,1058
4047.657,11141.71,20.372000,345.1,9时35分0秒,17年5月10日,10,1058
4047.660,11141.71,22.224000,345.6,9时35分1秒,17年5月10日,10,1057
4047.664,11141.71,22.224000,346.5,9时35分2秒,17年5月10日,10,1057
4047.667,11141.71,22.224000,345.5,9时35分3秒,17年5月10日,10,1057
4047.670,11141.71,22.224000,343.8,9时35分4秒,17年5月10日,09,1058
4047.674,11141.70,22.224000,342.7,9时35分5秒,17年5月10日,10,1057
4047.677,11141.70,22.224000,342.1,9时35分6秒,17年5月10日,09,1057
4047.680,11141.70,20.372000,341.1,9时35分7秒,17年5月10日,09,1057
4047.683,11141.70,20.372000,340.8,9时35分8秒,17年5月10日,09,1057
4047.686,11141.70,16.668000,341.0,9时35分9秒,17年5月10日,09,1057
4047.688,11141.70,14.816000,340.9,9时35分10秒,17年5月10日,09,1058
4047.690,11141.70,16.668000,341.5,9时35分11秒,17年5月10日,09,1058
4047.693,11141.70,16.668000,342.1,9时35分12秒,17年5月10日,09,1057
4047.695,11141.70,14.816000,343.1,9时35分13秒,17年5月10日,09,1057
4047.697,11141.70,11.112000,342.0,9时35分14秒,17年5月10日,09,1057
4047.699,11141.70,9.260000,341.7,9时35分15秒,17年5月10日,09,1057
4047.700,11141.70,7.408000,343.9,9时35分16秒,17年5月10日,09,1056
4047.701,11141.69,3.704000,343.9,9时35分17秒,17年5月10日,09,1056
4047.702,11141.70,3.704000,343.9,9时35分18秒,17年5月10日,09,1056
4047.702,11141.70,3.704000,343.9,9时35分19秒,17年5月10日,09,1057
4047.703,11141.70,5.556000,333.9,9时35分20秒,17年5月10日,09,1057
4047.704,11141.70,9.260000,334.5,9时35分21秒,17年5月10日,08,1057
4047.706,11141.70,16.668000,335.5,9时35分22秒,17年5月10日,08,1057
4047.710,11141.69,24.076000,336.1,9时35分23秒,17年5月10日,08,1057
4047.713,11141.69,24.076000,336.7,9时35分24秒,17年5月10日,08,1057
4047.716,11141.69,16.668000,339.7,9时35分25秒,17年5月10日,08,1057
4047.718,11141.69,7.408000,347.2,9时35分26秒,17年5月10日,08,1057
4047.719,11141.69,0.000000,347.2,9时35分27秒,17年5月10日,08,1057
4047.719,11141.69,0.000000,347.2,9时35分28秒,17年5月10日,08,1057
4047.719,11141.69,0.000000,347.2,9时35分29秒,17年5月10日,08,1057
4047.719,11141.69,0.000000,347.2,9时35分30秒,17年5月10日,07,1057
4047.719,11141.69,0.000000,347.2,9时35分31秒,17年5月10日,08,1057
4047.719,11141.69,0.000000,347.2,9时35分32秒,17年5月10日,08,1057
4047.719,11141.69,0.000000,347.2,9时35分33秒,17年5月10日,08,1057
4047.719,11141.69,0.000000,347.2,9时35分34秒,17年5月10日,08,1057
4047.719,11141.69,0.000000,347.2,9时35分35秒,17年5月10日,07,1057
4047.719,11141.69,0.000000,347.2,9时35分36秒,17年5月10日,07,1057
4047.719,11141.69,0.000000,347.2,9时35分37秒,17年5月10日,07,1057
4047.719,11141.69,0.000000,347.2,9时35分38秒,17年5月10日,07,1057
4047.719,11141.69,0.000000,347.2,9时35分39秒,17年5月10日,07,1057
4047.719,11141.69,0.000000,347.2,9时35分40秒,17年5月10日,07,1057
4047.719,11141.69,0.000000,347.2,9时35分41秒,17年5月10日,07,1057
4047.719,11141.69,0.000000,347.2,9时35分42秒,17年5月10日,07,1057
4047.719,11141.69,0.000000,347.2,9时35分43秒,17年5月10日,07,1057
4047.719,11141.69,0.000000,347.2,9时35分44秒,17年5月10日,07,1057
4047.719,11141.69,0.000000,347.2,9时35分45秒,17年5月10日,07,1057
4047.719,11141.69,0.000000,347.2,9时35分46秒,17年5月10日,07,1057
4047.719,11141.69,0.000000,347.2,9时35分47秒,17年5月10日,07,1057
4047.719,11141.69,0.000000,347.2,9时35分48秒,17年5月10日,07,1057
4047.719,11141.69,0.000000,347.2,9时35分49秒,17年5月10日,07,1057
4047.719,11141.69,0.000000,347.2,9时35分50秒,17年5月10日,07,1057
4047.719,11141.69,0.000000,347.2,9时35分51秒,17年5月10日,07,1057
4047.719,11141.69,0.000000,347.2,9时35分52秒,17年5月10日,07,1057
4047.719,11141.69,0.000000,347.2,9时35分53秒,17年5月10日,07,1057
4047.719,11141.69,0.000000,347.2,9时35分54秒,17年5月10日,08,1057
4047.719,11141.69,0.000000,347.2,9时35分55秒,17年5月10日,08,1057
4047.719,11141.69,0.000000,347.2,9时35分56秒,17年5月10日,08,1057
4047.719,11141.69,0.000000,347.2,9时35分57秒,17年5月10日,08,1057
4047.719,11141.69,0.000000,347.2,9时35分58秒,17年5月10日,08,1057
4047.719,11141.69,0.000000,347.2,9时35分59秒,17年5月10日,08,1057
4047.719,11141.69,0.000000,347.2,9时36分0秒,17年5月10日,09,1057
4047.719,11141.69,0.000000,347.2,9时36分1秒,17年5月10日,09,1057
4047.719,11141.69,0.000000,347.2,9时36分2秒,17年5月10日,09,1057
4047.719,11141.69,0.000000,347.2,9时36分3秒,17年5月10日,08,1057
4047.719,11141.69,0.000000,347.2,9时36分4秒,17年5月10日,08,1057
4047.719,11141.69,0.000000,347.2,9时36分5秒,17年5月10日,08,1057
4047.719,11141.69,0.000000,347.2,9时36分6秒,17年5月10日,08,1057
4047.719,11141.69,0.000000,347.2,9时36分7秒,17年5月10日,08,1057
4047.719,11141.69,0.000000,347.2,9时36分8秒,17年5月10日,08,1057
4047.719,11141.69,0.000000,347.2,9时36分9秒,17年5月10日,08,1057
4047.719,11141.69,0.000000,347.2,9时36分10秒,17年5月10日,08,1057
4047.719,11141.69,0.000000,347.2,9时36分11秒,17年5月10日,08,1057
4047.719,11141.69,0.000000,347.2,9时36分12秒,17年5月10日,08,1057
4047.719,11141.69,0.000000,347.2,9时36分13秒,17年5月10日,08,1057
4047.719,11141.69,0.000000,347.2,9时36分14秒,17年5月10日,08,1057
4047.719,11141.69,0.000000,347.2,9时36分15秒,17年5月10日,08,1057
4047.719,11141.69,0.000000,347.2,9时36分16秒,17年5月10日,08,1057
4047.719,11141.69,0.000000,347.2,9时36分17秒,17年5月10日,08,1057
4047.719,11141.69,0.000000,347.2,9时36分18秒,17年5月10日,08,1057
4047.719,11141.69,0.000000,347.2,9时36分19秒,17年5月10日,08,1057
4047.719,11141.69,0.000000,347.2,9时36分20秒,17年5月10日,08,1057
4047.719,11141.69,0.000000,347.2,9时36分21秒,17年5月10日,08,1057
4047.719,11141.69,0.000000,347.2,9时36分22秒,17年5月10日,08,1057
4047.719,11141.69,0.000000,347.2,9时36分23秒,17年5月10日,08,1057
4047.719,11141.69,0.000000,347.2,9时36分24秒,17年5月10日,09,1057
4047.719,11141.69,0.000000,347.2,9时36分25秒,17年5月10日,08,1057
4047.719,11141.69,0.000000,347.2,9时36分26秒,17年5月10日,09,1057
4047.719,11141.69,0.000000,347.2,9时36分27秒,17年5月10日,09,1057
4047.719,11141.69,0.000000,347.2,9时36分28秒,17年5月10日,09,1057
4047.719,11141.69,0.000000,347.2,9时36分29秒,17年5月10日,09,1057
4047.719,11141.69,0.000000,347.2,9时36分30秒,17年5月10日,10,1057
4047.719,11141.69,0.000000,347.2,9时36分31秒,17年5月10日,09,1057
4047.719,11141.69,0.000000,347.2,9时36分32秒,17年5月10日,09,1057
4047.719,11141.69,0.000000,347.2,9时36分33秒,17年5月10日,09,1057
4047.719,11141.69,0.000000,347.2,9时36分34秒,17年5月10日,09,1057
4047.719,11141.69,0.000000,347.2,9时36分35秒,17年5月10日,09,1057
4047.719,11141.69,0.000000,347.2,9时36分36秒,17年5月10日,09,1057
4047.719,11141.69,0.000000,347.2,9时36分37秒,17年5月10日,09,1057
4047.719,11141.69,0.000000,347.2,9时36分38秒,17年5月10日,09,1057
4047.719,11141.69,0.000000,347.2,9时36分39秒,17年5月10日,09,1057
4047.719,11141.69,0.000000,347.2,9时36分40秒,17年5月10日,09,1057
4047.719,11141.69,0.000000,347.2,9时36分41秒,17年5月10日,09,1057
4047.719,11141.69,0.000000,347.2,9时36分42秒,17年5月10日,09,1057
4047.719,11141.69,0.000000,347.2,9时36分43秒,17年5月10日,09,1057
4047.719,11141.69,0.000000,347.2,9时36分44秒,17年5月10日,09,1057
4047.719,11141.69,0.000000,347.2,9时36分45秒,17年5月10日,09,1057
4047.719,11141.69,0.000000,347.2,9时36分46秒,17年5月10日,09,1057
4047.719,11141.69,0.000000,347.2,9时36分47秒,17年5月10日,10,1057
4047.719,11141.69,0.000000,347.2,9时36分48秒,17年5月10日,10,1057
4047.719,11141.69,0.000000,347.2,9时36分49秒,17年5月10日,10,1057
4047.719,11141.69,0.000000,347.2,9时36分50秒,17年5月10日,10,1057
4047.719,11141.69,0.000000,347.2,9时36分51秒,17年5月10日,10,1057
4047.719,11141.69,0.000000,347.2,9时36分52秒,17年5月10日,10,1057
4047.719,11141.69,0.000000,347.2,9时36分53秒,17年5月10日,10,1057
4047.719,11141.69,0.000000,347.2,9时36分54秒,17年5月10日,10,1057
4047.719,11141.69,0.000000,347.2,9时36分55秒,17年5月10日,10,1057
4047.719,11141.69,0.000000,347.2,9时36分56秒,17年5月10日,10,1057
4047.719,11141.69,0.000000,347.2,9时36分57秒,17年5月10日,10,1057
4047.719,11141.69,0.000000,347.2,9时36分58秒,17年5月10日,10,1057
4047.719,11141.69,0.000000,347.2,9时36分59秒,17年5月10日,10,1057
4047.719,11141.69,0.000000,347.2,9时37分0秒,17年5月10日,10,1057
4047.719,11141.69,0.000000,347.2,9时37分1秒,17年5月10日,10,1057
4047.719,11141.69,0.000000,347.2,9时37分2秒,17年5月10日,10,1057
4047.719,11141.69,0.000000,347.2,9时37分3秒,17年5月10日,10,1057
4047.719,11141.69,0.000000,347.2,9时37分4秒,17年5月10日,10,1057
4047.722,11141.69,5.556000,343.1,9时37分5秒,17年5月10日,09,1053
4047.724,11141.69,12.964000,342.6,9时37分6秒,17年5月10日,10,1053
4047.726,11141.68,20.372000,339.3,9时37分7秒,17年5月10日,10,1054
4047.730,11141.68,24.076000,340.1,9时37分8秒,17年5月10日,10,1054
4047.733,11141.68,25.928000,339.4,9时37分9秒,17年5月10日,10,1054
4047.737,11141.68,27.780000,338.5,9时37分10秒,17年5月10日,10,1054
4047.742,11141.68,29.632000,337.7,9时37分11秒,17年5月10日,10,1054
4047.746,11141.67,29.632000,338.3,9时37分12秒,17年5月10日,10,1054
4047.750,11141.67,31.484000,338.1,9时37分13秒,17年5月10日,10,1055
4047.755,11141.67,33.336000,338.6,9时37分14秒,17年5月10日,10,1055
4047.760,11141.67,35.188000,338.8,9时37分15秒,17年5月10日,09,1056
4047.765,11141.66,37.040000,338.1,9时37分16秒,17年5月10日,10,1056
4047.770,11141.66,37.040000,338.9,9时37分17秒,17年5月10日,09,1056
4047.776,11141.66,37.040000,340.1,9时37分18秒,17年5月10日,09,1056
4047.781,11141.66,37.040000,341.3,9时37分19秒,17年5月10日,09,1057
4047.787,11141.65,38.892000,342.9,9时37分20秒,17年5月10日,10,1057
4047.793,11141.65,40.744000,344.0,9时37分21秒,17年5月10日,10,1057
4047.800,11141.65,42.596000,343.0,9时37分22秒,17年5月10日,10,1058
4047.806,11141.65,42.596000,343.2,9时37分23秒,17年5月10日,10,1059
4047.813,11141.64,42.596000,343.9,9时37分24秒,17年5月10日,09,1059
4047.818,11141.64,37.040000,345.0,9时37分25秒,17年5月10日,10,1060
4047.823,11141.64,27.780000,346.2,9时37分26秒,17年5月10日,09,1060
4047.827,11141.64,22.224000,346.7,9时37分27秒,17年5月10日,10,1060
4047.830,11141.64,18.520000,345.8,9时37分28秒,17年5月10日,10,1060
4047.832,11141.64,14.816000,344.2,9时37分29秒,17年5月10日,10,1060
4047.834,11141.64,11.112000,342.0,9时37分30秒,17年5月10日,10,1060
4047.836,11141.63,11.112000,339.9,9时37分31秒,17年5月10日,09,1061
4047.838,11141.63,14.816000,337.9,9时37分32秒,17年5月10日,10,1061
4047.840,11141.63,20.372000,337.2,9时37分33秒,17年5月10日,09,1061
4047.844,11141.63,25.928000,337.4,9时37分34秒,17年5月10日,10,1061
4047.848,11141.63,27.780000,338.2,9时37分35秒,17年5月10日,09,1061
4047.853,11141.63,31.484000,339.2,9时37分36秒,17年5月10日,09,1061
4047.857,11141.62,33.336000,339.8,9时37分37秒,17年5月10日,09,1061
4047.862,11141.62,33.336000,340.5,9时37分38秒,17年5月10日,09,1061
4047.867,11141.62,35.188000,341.4,9时37分39秒,17年5月10日,09,1061
4047.873,11141.62,33.336000,342.5,9时37分40秒,17年5月10日,09,1062
4047.878,11141.61,33.336000,343.4,9时37分41秒,17年5月10日,09,1062
4047.883,11141.61,35.188000,343.7,9时37分42秒,17年5月10日,10,1062
4047.889,11141.61,35.188000,343.1,9时37分43秒,17年5月10日,10,1062
4047.894,11141.61,35.188000,341.8,9时37分44秒,17年5月10日,10,1062
4047.899,11141.61,35.188000,340.4,9时37分45秒,17年5月10日,09,1062
4047.904,11141.60,33.336000,339.8,9时37分46秒,17年5月10日,10,1062
4047.909,11141.60,35.188000,339.3,9时37分47秒,17年5月10日,10,1062
4047.914,11141.60,31.484000,339.9,9时37分48秒,17年5月10日,10,1062
4047.919,11141.60,29.632000,340.6,9时37分49秒,17年5月10日,10,1062
4047.923,11141.59,27.780000,340.9,9时37分50秒,17年5月10日,10,1063
4047.927,11141.59,25.928000,340.9,9时37分51秒,17年5月10日,10,1063
4047.930,11141.59,24.076000,340.4,9时37分52秒,17年5月10日,09,1064
4047.934,11141.59,22.224000,339.6,9时37分53秒,17年5月10日,09,1064
4047.937,11141.59,20.372000,339.0,9时37分54秒,17年5月10日,09,1064
4047.939,11141.59,16.668000,338.7,9时37分55秒,17年5月10日,09,1064
4047.942,11141.58,16.668000,338.4,9时37分56秒,17年5月10日,09,1063
4047.945,11141.58,18.520000,344.7,9时37分57秒,17年5月10日,09,1063
4047.947,11141.58,18.520000,344.9,9时37分58秒,17年5月10日,10,1063
4047.950,11141.58,14.816000,347.4,9时37分59秒,17年5月10日,10,1063
4047.952,11141.58,12.964000,354.1,9时38分0秒,17年5月10日,10,1062
4047.955,11141.58,14.816000,353.3,9时38分1秒,17年5月10日,10,1062
4047.957,11141.58,16.668000,352.4,9时38分2秒,17年5月10日,10,1062
4047.959,11141.58,14.816000,351.4,9时38分3秒,17年5月10日,10,1062
4047.961,11141.58,11.112000,350.5,9时38分4秒,17年5月10日,10,1062
4047.963,11141.58,7.408000,349.3,9时38分5秒,17年5月10日,10,1062
4047.964,11141.58,5.556000,345.4,9时38分6秒,17年5月10日,10,1062
4047.964,11141.58,3.704000,345.4,9时38分7秒,17年5月10日,10,1063
4047.965,11141.58,0.000000,345.4,9时38分8秒,17年5月10日,10,1063
4047.965,11141.58,0.000000,345.4,9时38分9秒,17年5月10日,10,1063
4047.966,11141.58,0.000000,345.4,9时38分10秒,17年5月10日,10,1064
4047.966,11141.58,0.000000,345.4,9时38分11秒,17年5月10日,10,1064
4047.966,11141.58,0.000000,345.4,9时38分12秒,17年5月10日,09,1064
4047.966,11141.58,0.000000,345.4,9时38分13秒,17年5月10日,09,1064
4047.966,11141.58,0.000000,345.4,9时38分14秒,17年5月10日,09,1064
4047.966,11141.58,0.000000,345.4,9时38分15秒,17年5月10日,09,1064
4047.966,11141.58,0.000000,345.4,9时38分16秒,17年5月10日,09,1064
4047.966,11141.58,0.000000,345.4,9时38分17秒,17年5月10日,09,1064
4047.966,11141.58,0.000000,345.4,9时38分18秒,17年5月10日,09,1064
4047.967,11141.58,1.852000,345.4,9时38分19秒,17年5月10日,09,1064
4047.967,11141.57,3.704000,345.4,9时38分20秒,17年5月10日,09,1064
4047.969,11141.57,3.704000,337.4,9时38分21秒,17年5月10日,10,1064
4047.970,11141.57,3.704000,340.6,9时38分22秒,17年5月10日,10,1064
4047.970,11141.57,0.000000,341.4,9时38分23秒,17年5月10日,10,1064
4047.970,11141.57,0.000000,341.4,9时38分24秒,17年5月10日,10,1064
4047.971,11141.57,0.000000,341.4,9时38分25秒,17年5月10日,10,1064
4047.971,11141.57,0.000000,341.4,9时38分26秒,17年5月10日,10,1064
4047.971,11141.57,0.000000,341.4,9时38分27秒,17年5月10日,10,1064
4047.971,11141.57,0.000000,341.4,9时38分28秒,17年5月10日,10,1064
4047.971,11141.57,0.000000,341.4,9时38分29秒,17年5月10日,10,1064
4047.971,11141.57,0.000000,341.4,9时38分30秒,17年5月10日,10,1064
4047.971,11141.57,0.000000,341.4,9时38分31秒,17年5月10日,10,1064
4047.971,11141.57,0.000000,341.4,9时38分32秒,17年5月10日,10,1064
4047.971,11141.57,0.000000,341.4,9时38分33秒,17年5月10日,10,1064
4047.971,11141.57,0.000000,341.4,9时38分34秒,17年5月10日,10,1064
4047.971,11141.57,0.000000,341.4,9时38分35秒,17年5月10日,10,1064
4047.971,11141.57,0.000000,341.4,9时38分36秒,17年5月10日,10,1064
4047.972,11141.57,1.852000,335.6,9时38分37秒,17年5月10日,10,1064
4047.972,11141.57,1.852000,338.4,9时38分38秒,17年5月10日,10,1064
4047.973,11141.57,1.852000,345.1,9时38分39秒,17年5月10日,10,1064
4047.973,11141.57,1.852000,344.4,9时38分40秒,17年5月10日,10,1064
4047.974,11141.57,1.852000,343.8,9时38分41秒,17年5月10日,10,1064
4047.974,11141.57,1.852000,346.0,9时38分42秒,17年5月10日,09,1064
4047.975,11141.57,1.852000,348.3,9时38分43秒,17年5月10日,09,1064
4047.975,11141.57,0.000000,356.5,9时38分44秒,17年5月10日,09,1064
4047.975,11141.57,0.000000,356.5,9时38分45秒,17年5月10日,10,1064
4047.975,11141.57,0.000000,356.5,9时38分46秒,17年5月10日,09,1063
4047.975,11141.57,0.000000,351.0,9时38分47秒,17年5月10日,09,1063
4047.976,11141.57,0.000000,338.0,9时38分48秒,17年5月10日,09,1063
4047.976,11141.57,1.852000,334.6,9时38分49秒,17年5月10日,09,1063
4047.976,11141.57,0.000000,351.2,9时38分50秒,17年5月10日,10,1063
4047.976,11141.57,0.000000,351.2,9时38分51秒,17年5月10日,08,1063
4047.976,11141.57,0.000000,351.2,9时38分52秒,17年5月10日,09,1063
4047.976,11141.57,0.000000,351.2,9时38分53秒,17年5月10日,09,1063
4047.976,11141.57,0.000000,351.2,9时38分54秒,17年5月10日,09,1063
4047.976,11141.57,0.000000,351.2,9时38分55秒,17年5月10日,09,1063
4047.976,11141.57,0.000000,351.2,9时38分56秒,17年5月10日,09,1063
4047.976,11141.57,0.000000,351.2,9时38分57秒,17年5月10日,09,1063
4047.976,11141.57,0.000000,351.2,9时38分58秒,17年5月10日,09,1063
4047.976,11141.57,0.000000,351.2,9时38分59秒,17年5月10日,10,1063
4047.976,11141.57,0.000000,351.2,9时39分0秒,17年5月10日,10,1063
4047.976,11141.57,0.000000,351.2,9时39分1秒,17年5月10日,10,1063
4047.976,11141.57,0.000000,351.2,9时39分2秒,17年5月10日,10,1063
4047.976,11141.57,0.000000,351.2,9时39分3秒,17年5月10日,10,1063
4047.976,11141.57,0.000000,351.2,9时39分4秒,17年5月10日,10,1063
4047.976,11141.57,0.000000,351.2,9时39分5秒,17年5月10日,10,1063
4047.976,11141.57,0.000000,351.2,9时39分6秒,17年5月10日,09,1063
4047.976,11141.57,0.000000,351.2,9时39分7秒,17年5月10日,09,1063
4047.976,11141.57,0.000000,351.2,9时39分8秒,17年5月10日,10,1063
4047.976,11141.57,0.000000,351.2,9时39分9秒,17年5月10日,10,1063
4047.976,11141.57,0.000000,351.2,9时39分10秒,17年5月10日,10,1063
4047.976,11141.57,0.000000,351.2,9时39分11秒,17年5月10日,10,1063
4047.976,11141.57,0.000000,351.2,9时39分12秒,17年5月10日,10,1063
4047.977,11141.57,3.704000,323.8,9时39分13秒,17年5月10日,10,1063
4047.978,11141.57,11.112000,324.5,9时39分14秒,17年5月10日,10,1063
4047.981,11141.57,14.816000,325.9,9时39分15秒,17年5月10日,09,1063
4047.983,11141.57,16.668000,326.8,9时39分16秒,17年5月10日,10,1063
4047.986,11141.57,20.372000,328.2,9时39分17秒,17年5月10日,10,1063
4047.990,11141.57,22.224000,329.7,9时39分18秒,17年5月10日,10,1063
4047.993,11141.56,20.372000,331.0,9时39分19秒,17年5月10日,10,1063
4047.996,11141.56,18.520000,332.2,9时39分20秒,17年5月10日,10,1063
4047.998,11141.56,14.816000,333.4,9时39分21秒,17年5月10日,10,1063
4048.000,11141.56,11.112000,334.3,9时39分22秒,17年5月10日,10,1064
4048.002,11141.56,12.964000,335.2,9时39分23秒,17年5月10日,10,1064
4048.005,11141.56,16.668000,336.0,9时39分24秒,17年5月10日,10,1065
4048.007,11141.56,16.668000,336.9,9时39分25秒,17年5月10日,10,1066
4048.010,11141.55,18.520000,337.6,9时39分26秒,17年5月10日,10,1066
4048.013,11141.55,22.224000,339.7,9时39分27秒,17年5月10日,10,1067
4048.016,11141.55,24.076000,340.9,9时39分28秒,17年5月10日,10,1067
4048.020,11141.55,25.928000,341.7,9时39分29秒,17年5月10日,10,1068
4048.024,11141.55,25.928000,342.2,9时39分30秒,17年5月10日,10,1069
4048.028,11141.55,25.928000,342.3,9时39分31秒,17年5月10日,10,1069
4048.028,11141.55,25.928000,342.3,9时39分31秒,17年5月10日,10,1069
4048.031,11141.54,22.224000,341.9,9时39分32秒,17年5月10日,10,1069
4048.034,11141.54,16.668000,341.9,9时39分33秒,17年5月10日,10,1069
4048.037,11141.54,12.964000,341.7,9时39分34秒,17年5月10日,10,1069
4048.039,11141.54,14.816000,342.2,9时39分35秒,17年5月10日,09,1068
4048.042,11141.54,18.520000,342.2,9时39分36秒,17年5月10日,10,1069
4048.045,11141.54,18.520000,341.7,9时39分37秒,17年5月10日,09,1069
4048.047,11141.54,20.372000,340.9,9时39分38秒,17年5月10日,09,1068
4048.051,11141.54,22.224000,339.6,9时39分39秒,17年5月10日,09,1068
4048.054,11141.53,25.928000,338.2,9时39分40秒,17年5月10日,09,1067
4048.058,11141.53,29.632000,337.5,9时39分41秒,17年5月10日,08,1067
4048.063,11141.53,31.484000,338.0,9时39分42秒,17年5月10日,09,1067
4048.072,11141.52,27.780000,339.2,9时39分44秒,17年5月10日,09,1067
4048.076,11141.52,29.632000,341.1,9时39分45秒,17年5月10日,09,1067
4048.081,11141.52,31.484000,343.0,9时39分46秒,17年5月10日,09,1068
4048.081,11141.52,31.484000,343.0,9时39分46秒,17年5月10日,09,1068
4048.092,11141.52,35.188000,345.9,9时39分48秒,17年5月10日,08,1068
4048.092,11141.52,35.188000,345.9,9时39分48秒,17年5月10日,08,1069
4048.103,11141.51,37.040000,346.0,9时39分50秒,17年5月10日,08,1069
4048.103,11141.51,37.040000,346.0,9时39分50秒,17年5月10日,09,1070
4048.108,11141.51,37.040000,345.7,9时39分51秒,17年5月10日,09,1070
4048.113,11141.51,38.892000,345.4,9时39分52秒,17年5月10日,09,1070
4048.119,11141.51,38.892000,344.6,9时39分53秒,17年5月10日,09,1070
4048.131,11141.50,38.892000,342.0,9时39分55秒,17年5月10日,09,1070
4048.131,11141.50,38.892000,342.0,9时39分55秒,17年5月10日,09,1069
4048.137,11141.50,40.744000,341.1,9时39分56秒,17年5月10日,09,1069
4048.142,11141.49,38.892000,340.5,9时39分57秒,17年5月10日,10,1070
4048.148,11141.49,37.040000,340.5,9时39分58秒,17年5月10日,10,1070
4048.153,11141.49,35.188000,341.6,9时39分59秒,17年5月10日,10,1070
4048.158,11141.49,33.336000,343.0,9时40分0秒,17年5月10日,10,1070
4048.168,11141.48,33.336000,343.7,9时40分2秒,17年5月10日,10,1070
4048.168,11141.48,33.336000,343.7,9时40分2秒,17年5月10日,10,1069
4048.178,11141.48,33.336000,341.3,9时40分4秒,17年5月10日,10,1069
4048.178,11141.48,33.336000,341.3,9时40分4秒,17年5月10日,10,1070
4048.183,11141.48,33.336000,340.1,9时40分5秒,17年5月10日,10,1069
4048.189,11141.47,33.336000,340.0,9时40分6秒,17年5月10日,10,1069
4048.193,11141.47,33.336000,340.2,9时40分7秒,17年5月10日,10,1069
4048.198,11141.47,31.484000,340.5,9时40分8秒,17年5月10日,10,1069
4048.203,11141.47,31.484000,341.2,9时40分9秒,17年5月10日,10,1070
4048.207,11141.46,31.484000,341.3,9时40分10秒,17年5月10日,10,1070
4048.212,11141.46,31.484000,341.1,9时40分11秒,17年5月10日,10,1070
4048.216,11141.46,29.632000,341.3,9时40分12秒,17年5月10日,10,1070
4048.221,11141.46,29.632000,342.1,9时40分13秒,17年5月10日,10,1070
4048.225,11141.46,31.484000,342.3,9时40分14秒,17年5月10日,10,1070
4048.235,11141.45,35.188000,340.2,9时40分16秒,17年5月10日,10,1071
4048.235,11141.45,35.188000,340.2,9时40分16秒,17年5月10日,10,1070
4048.240,11141.45,37.040000,339.4,9时40分17秒,17年5月10日,10,1071
4048.250,11141.44,33.336000,339.5,9时40分19秒,17年5月10日,10,1071
4048.250,11141.44,33.336000,339.5,9时40分19秒,17年5月10日,10,1071
4048.255,11141.44,29.632000,340.6,9时40分20秒,17年5月10日,10,1071
4048.262,11141.44,24.076000,340.4,9时40分22秒,17年5月10日,10,1071
4048.262,11141.44,24.076000,340.4,9时40分22秒,17年5月10日,10,1071
4048.265,11141.43,20.372000,339.8,9时40分23秒,17年5月10日,10,1071
4048.268,11141.43,16.668000,339.6,9时40分24秒,17年5月10日,10,1071
4048.270,11141.43,9.260000,340.3,9时40分25秒,17年5月10日,10,1071
4048.272,11141.43,3.704000,340.6,9时40分26秒,17年5月10日,10,1070
4048.273,11141.43,0.000000,340.9,9时40分28秒,17年5月10日,10,1070
4048.273,11141.43,0.000000,340.9,9时40分29秒,17年5月10日,10,1070
4048.273,11141.43,0.000000,340.9,9时40分29秒,17年5月10日,10,1070
4048.273,11141.43,0.000000,340.9,9时40分30秒,17年5月10日,10,1070
4048.273,11141.43,0.000000,340.9,9时40分31秒,17年5月10日,10,1070
4048.273,11141.43,0.000000,340.9,9时40分32秒,17年5月10日,10,1070
4048.273,11141.43,0.000000,340.9,9时40分34秒,17年5月10日,10,1070
4048.273,11141.43,0.000000,340.9,9时40分34秒,17年5月10日,10,1070
4048.273,11141.43,0.000000,340.9,9时40分35秒,17年5月10日,10,1070
4048.273,11141.43,0.000000,340.9,9时40分36秒,17年5月10日,10,1070
4048.273,11141.43,0.000000,340.9,9时40分37秒,17年5月10日,10,1070
4048.273,11141.43,0.000000,340.9,9时40分38秒,17年5月10日,10,1070
4048.273,11141.43,0.000000,340.9,9时40分39秒,17年5月10日,10,1070
4048.273,11141.43,0.000000,340.9,9时40分40秒,17年5月10日,10,1070
4048.273,11141.43,3.704000,340.9,9时40分41秒,17年5月10日,10,1070
4048.273,11141.43,5.556000,239.1,9时40分42秒,17年5月10日,10,1070
4048.272,11141.43,7.408000,203.6,9时40分43秒,17年5月10日,10,1069
4048.270,11141.43,9.260000,178.3,9时40分44秒,17年5月10日,10,1069
4048.268,11141.43,14.816000,156.6,9时40分45秒,17年5月10日,10,1068
4048.266,11141.43,16.668000,153.1,9时40分46秒,17年5月10日,10,1068
4048.263,11141.43,18.520000,155.3,9时40分47秒,17年5月10日,10,1067
4048.260,11141.43,20.372000,156.6,9时40分48秒,17年5月10日,10,1066
4048.257,11141.44,22.224000,158.3,9时40分49秒,17年5月10日,10,1065
4048.254,11141.44,24.076000,160.0,9时40分50秒,17年5月10日,09,1065
4048.250,11141.44,24.076000,160.3,9时40分51秒,17年5月10日,09,1064
4048.247,11141.44,24.076000,161.5,9时40分52秒,17年5月10日,09,1064
4048.243,11141.44,25.928000,162.6,9时40分53秒,17年5月10日,10,1063
4048.240,11141.44,25.928000,163.2,9时40分54秒,17年5月10日,09,1062
4048.236,11141.45,25.928000,163.4,9时40分55秒,17年5月10日,09,1062
4048.232,11141.45,24.076000,163.6,9时40分56秒,17年5月10日,09,1061
4048.229,11141.45,22.224000,164.2,9时40分57秒,17年5月10日,10,1060
4048.226,11141.45,20.372000,164.5,9时40分58秒,17年5月10日,10,1060
4048.223,11141.45,14.816000,165.1,9时40分59秒,17年5月10日,10,1059
4048.220,11141.45,11.112000,166.8,9时41分0秒,17年5月10日,10,1058
4048.219,11141.45,7.408000,175.7,9时41分1秒,17年5月10日,10,1058
4048.218,11141.45,5.556000,186.3,9时41分2秒,17年5月10日,10,1058
4048.217,11141.45,5.556000,201.9,9时41分3秒,17年5月10日,10,1057
4048.216,11141.45,5.556000,220.2,9时41分4秒,17年5月10日,10,1057
4048.215,11141.45,5.556000,219.9,9时41分5秒,17年5月10日,10,1056
4048.214,11141.45,5.556000,221.4,9时41分6秒,17年5月10日,10,1056
4048.214,11141.45,7.408000,224.2,9时41分7秒,17年5月10日,10,1055
4048.213,11141.44,7.408000,226.4,9时41分8秒,17年5月10日,10,1055
4048.213,11141.44,7.408000,228.9,9时41分9秒,17年5月10日,10,1055
4048.212,11141.44,7.408000,256.4,9时41分10秒,17年5月10日,10,1054
4048.212,11141.44,7.408000,255.0,9时41分11秒,17年5月10日,10,1054
4048.211,11141.44,5.556000,254.4,9时41分12秒,17年5月10日,10,1054
4048.211,11141.44,0.000000,254.4,9时41分13秒,17年5月10日,10,1053
4048.211,11141.44,0.000000,254.4,9时41分15秒,17年5月10日,10,1054
4048.211,11141.44,0.000000,254.4,9时41分15秒,17年5月10日,10,1054
4048.211,11141.44,0.000000,254.3,9时41分16秒,17年5月10日,10,1054
4048.211,11141.44,0.000000,254.4,9时41分17秒,17年5月10日,10,1054
4048.211,11141.44,0.000000,254.4,9时41分18秒,17年5月10日,10,1054
4048.211,11141.44,0.000000,254.4,9时41分19秒,17年5月10日,10,1054
4048.210,11141.44,0.000000,254.4,9时41分20秒,17年5月10日,10,1054
4048.211,11141.43,14.816000,281.9,9时41分21秒,17年5月10日,10,1054
4048.212,11141.43,18.520000,281.8,9时41分23秒,17年5月10日,10,1053
4048.212,11141.42,18.520000,271.1,9时41分24秒,17年5月10日,09,1053
4048.212,11141.42,18.520000,271.1,9时41分24秒,17年5月10日,10,1053
4048.212,11141.42,18.520000,256.0,9时41分25秒,17年5月10日,10,1053
4048.211,11141.41,16.668000,243.6,9时41分26秒,17年5月10日,10,1053
4048.210,11141.41,14.816000,232.4,9时41分27秒,17年5月10日,10,1052
4048.208,11141.41,12.964000,222.3,9时41分28秒,17年5月10日,10,1052
4048.207,11141.41,11.112000,210.5,9时41分29秒,17年5月10日,10,1052
4048.205,11141.40,11.112000,196.5,9时41分30秒,17年5月10日,10,1053
4048.203,11141.40,9.260000,176.7,9时41分31秒,17年5月10日,10,1053
4048.201,11141.40,11.112000,170.5,9时41分32秒,17年5月10日,10,1052
4048.199,11141.40,12.964000,168.3,9时41分33秒,17年5月10日,10,1052
4048.197,11141.41,16.668000,168.0,9时41分34秒,17年5月10日,10,1052
4048.195,11141.41,18.520000,167.2,9时41分35秒,17年5月10日,10,1051
4048.192,11141.41,18.520000,164.9,9时41分36秒,17年5月10日,10,1051
4048.189,11141.41,18.520000,162.1,9时41分37秒,17年5月10日,10,1051
4048.186,11141.41,18.520000,163.2,9时41分38秒,17年5月10日,10,1051
4048.180,11141.41,20.372000,161.8,9时41分40秒,17年5月10日,10,1051
4048.180,11141.41,20.372000,161.8,9时41分40秒,17年5月10日,10,1050
4048.177,11141.41,22.224000,160.1,9时41分41秒,17年5月10日,10,1050
4048.173,11141.42,22.224000,158.8,9时41分42秒,17年5月10日,10,1049
4048.166,11141.42,24.076000,158.5,9时41分44秒,17年5月10日,10,1049
4048.166,11141.42,24.076000,158.5,9时41分44秒,17年5月10日,10,1049
4048.163,11141.42,24.076000,158.6,9时41分45秒,17年5月10日,10,1048
4048.156,11141.42,22.224000,166.9,9时41分47秒,17年5月10日,10,1048
4048.152,11141.42,24.076000,163.4,9时41分48秒,17年5月10日,10,1047
4048.152,11141.42,24.076000,163.4,9时41分48秒,17年5月10日,10,1047
4048.149,11141.43,24.076000,162.8,9时41分49秒,17年5月10日,10,1046
4048.145,11141.43,24.076000,162.1,9时41分50秒,17年5月10日,10,1046
4048.142,11141.43,25.928000,160.9,9时41分51秒,17年5月10日,10,1046
4048.138,11141.43,25.928000,160.1,9时41分52秒,17年5月10日,10,1046
4048.134,11141.43,24.076000,160.2,9时41分53秒,17年5月10日,10,1045
4048.130,11141.43,24.076000,167.0,9时41分54秒,17年5月10日,10,1045
4048.126,11141.44,22.224000,166.2,9时41分55秒,17年5月10日,10,1045
4048.123,11141.44,22.224000,164.3,9时41分56秒,17年5月10日,10,1045
4048.120,11141.44,22.224000,164.9,9时41分57秒,17年5月10日,10,1044
4048.117,11141.44,20.372000,163.9,9时41分58秒,17年5月10日,10,1044
4048.114,11141.44,20.372000,162.8,9时41分59秒,17年5月10日,10,1044
4048.111,11141.44,20.372000,162.7,9时42分0秒,17年5月10日,10,1043
4048.108,11141.44,20.372000,162.0,9时42分1秒,17年5月10日,10,1043
4048.105,11141.45,20.372000,161.3,9时42分2秒,17年5月10日,10,1043
4048.102,11141.45,20.372000,160.7,9时42分3秒,17年5月10日,09,1042
4048.098,11141.45,20.372000,161.0,9时42分4秒,17年5月10日,10,1042
4048.096,11141.45,18.520000,171.4,9时42分5秒,17年5月10日,10,1042
4048.093,11141.45,16.668000,187.2,9时42分6秒,17年5月10日,10,1042
4048.091,11141.45,16.668000,199.6,9时42分7秒,17年5月10日,10,1041
4048.088,11141.45,14.816000,215.7,9时42分8秒,17年5月10日,10,1041
4048.087,11141.44,12.964000,229.1,9时42分9秒,17年5月10日,10,1041
4048.086,11141.44,14.816000,243.3,9时42分10秒,17年5月10日,10,1041
4048.085,11141.44,16.668000,245.2,9时42分11秒,17年5月10日,10,1042
4048.083,11141.43,14.816000,253.7,9时42分13秒,17年5月10日,10,1042
4048.082,11141.43,14.816000,252.7,9时42分14秒,17年5月10日,10,1042
4048.082,11141.43,14.816000,252.7,9时42分14秒,17年5月10日,10,1041
4048.081,11141.43,12.964000,252.0,9时42分15秒,17年5月10日,10,1041
4048.081,11141.42,12.964000,248.9,9时42分16秒,17年5月10日,10,1041
4048.079,11141.42,12.964000,250.0,9时42分18秒,17年5月10日,10,1041
4048.079,11141.42,12.964000,250.0,9时42分18秒,17年5月10日,10,1041
4048.078,11141.41,9.260000,251.7,9时42分20秒,17年5月10日,10,1041
4048.078,11141.41,9.260000,251.7,9时42分20秒,17年5月10日,10,1042
4048.077,11141.41,5.556000,251.9,9时42分21秒,17年5月10日,10,1042
4048.076,11141.41,7.408000,258.6,9时42分23秒,17年5月10日,10,1042
4048.076,11141.41,7.408000,258.6,9时42分23秒,17年5月10日,10,1042
4048.076,11141.41,5.556000,256.9,9时42分24秒,17年5月10日,10,1042
4048.075,11141.41,5.556000,253.5,9时42分26秒,17年5月10日,10,1042
4048.075,11141.41,5.556000,253.5,9时42分26秒,17年5月10日,10,1043
4048.075,11141.40,5.556000,249.8,9时42分28秒,17年5月10日,10,1043
4048.075,11141.40,5.556000,249.8,9时42分28秒,17年5月10日,10,1044
4048.074,11141.40,5.556000,250.6,9时42分30秒,17年5月10日,10,1044
4048.074,11141.40,5.556000,252.0,9时42分31秒,17年5月10日,10,1044
4048.075,11141.40,5.556000,255.6,9时42分32秒,17年5月10日,10,1045
4048.075,11141.40,5.556000,255.6,9时42分32秒,17年5月10日,10,1045
4048.076,11141.40,7.408000,260.9,9时42分33秒,17年5月10日,10,1046
4048.078,11141.40,3.704000,354.6,9时42分35秒,17年5月10日,10,1046
4048.078,11141.40,3.704000,354.6,9时42分35秒,17年5月10日,10,1047
4048.079,11141.40,3.704000,354.6,9时42分37秒,17年5月10日,10,1047
4048.079,11141.40,3.704000,354.6,9时42分37秒,17年5月10日,10,1047
4048.080,11141.40,3.704000,354.6,9时42分39秒,17年5月10日,10,1048
4048.080,11141.40,3.704000,354.6,9时42分39秒,17年5月10日,10,1048
4048.080,11141.40,1.852000,354.6,9时42分40秒,17年5月10日,10,1048
4048.080,11141.40,1.852000,354.6,9时42分41秒,17年5月10日,10,1049
4048.080,11141.40,1.852000,354.6,9时42分42秒,17年5月10日,10,1049
4048.080,11141.40,1.852000,354.6,9时42分44秒,17年5月10日,10,1049
4048.080,11141.40,1.852000,354.6,9时42分44秒,17年5月10日,10,1049
4048.081,11141.40,1.852000,354.6,9时42分45秒,17年5月10日,10,1049
4048.081,11141.40,1.852000,354.6,9时42分47秒,17年5月10日,10,1049
4048.081,11141.40,1.852000,354.6,9时42分47秒,17年5月10日,10,1049
4048.081,11141.40,0.000000,354.6,9时42分49秒,17年5月10日,10,1050
4048.081,11141.40,0.000000,354.6,9时42分50秒,17年5月10日,10,1050
4048.081,11141.40,0.000000,354.6,9时42分50秒,17年5月10日,10,1050
4048.081,11141.40,0.000000,354.6,9时42分52秒,17年5月10日,10,1050
4048.081,11141.40,0.000000,354.6,9时42分53秒,17年5月10日,10,1050
4048.081,11141.40,0.000000,354.6,9时42分53秒,17年5月10日,10,1050
4048.081,11141.40,0.000000,354.6,9时42分55秒,17年5月10日,10,1050
4048.081,11141.40,0.000000,354.6,9时42分56秒,17年5月10日,10,1050
4048.081,11141.40,0.000000,354.6,9时42分56秒,17年5月10日,10,1050
4048.081,11141.40,0.000000,354.6,9时42分58秒,17年5月10日,10,1050
4048.081,11141.40,0.000000,354.6,9时42分58秒,17年5月10日,10,1050
4048.081,11141.40,0.000000,354.6,9时43分0秒,17年5月10日,09,1050
4048.081,11141.40,0.000000,354.6,9时43分0秒,17年5月10日,09,1050
4048.081,11141.40,0.000000,354.6,9时43分2秒,17年5月10日,09,1050
4048.081,11141.40,0.000000,354.6,9时43分3秒,17年5月10日,09,1050
4048.081,11141.40,0.000000,354.6,9时43分3秒,17年5月10日,09,1050
4048.081,11141.40,0.000000,354.6,9时43分5秒,17年5月10日,09,1050
4048.081,11141.40,0.000000,354.6,9时43分5秒,17年5月10日,09,1050
4048.081,11141.40,0.000000,354.6,9时43分6秒,17年5月10日,09,1050
4048.081,11141.40,0.000000,354.6,9时43分7秒,17年5月10日,09,1050
4048.081,11141.40,0.000000,354.6,9时43分9秒,17年5月10日,09,1050
4048.081,11141.40,0.000000,354.6,9时43分10秒,17年5月10日,09,1050
4048.081,11141.40,0.000000,354.6,9时43分10秒,17年5月10日,09,1050
4048.081,11141.40,0.000000,354.6,9时43分10秒,17年5月10日,09,1050
